"","M_lnAUC_Utot","SD_lnAUC_Utot","GM_AUC_Utot","GSD_AUC_Utot","TKVF05","TKVF01"
"1",1.03145862038305,0.260396,2.80515450760576,1.29744377268321,1.53466682451041,1.8326658968255
"2",1.03278862038305,0.119718,2.80888784522006,1.12717894229455,1.21764490395089,1.3211541554856
"3",-0.172594379616945,0.863603,0.841478866610815,2.3716905189378,4.13919169820754,7.4561634796772
"4",0.643014620383055,0.75256,1.90220667543433,2.12242647956421,3.44819548196093,5.7587264975537
"5",0.705051620383054,0.617088,2.02395115935995,1.85352271736058,2.75941702598219,4.20200317029803
"6",0.661039620383055,0.510416,1.93680482988426,1.66598410019728,2.31534709386396,3.27856286831519
"7",0.903088620383055,0.340874,2.46721163533321,1.40617605151698,1.75187708875575,2.20999776720749
"8",0.924778620383055,0.461011,2.52131003192116,1.58567629362384,2.13463487947136,2.9225951154657
"9",0.718508620383055,0.844003,2.05137155444247,2.32565797732014,4.0078758818787,7.12382346452811
"10",1.15739862038305,0.203853,3.18164583277892,1.22611790087654,1.39837150159173,1.60678131248456
"11",1.40587862038305,0.373381,4.07910915569479,1.45263768937265,1.84809816627025,2.38360511441629
"12",0.954248620383054,0.735842,2.59671872819612,2.08723870781608,3.354666570298,5.53905812257729
"13",0.602272620383055,0.558106,1.8262644937259,1.74735986463678,2.5042835316653,3.66324258212202
"14",1.07524862038305,0.048416,2.93072144705298,1.04960720111231,1.08289415836616,1.11922049755274
"15",1.00747862038305,0.272035,2.7386870326314,1.31263294266012,1.56433021759675,1.88296571886538
"16",0.655571620383054,0.506348,1.92624328265954,1.65922064307662,2.2999062110507,3.2476822670325
"17",-0.137898379616945,0.980977,0.871187217626473,2.66706068774239,5.02067093119726,9.79717186117166
"18",1.04926862038305,0.526948,2.85556185439863,1.69375507169489,2.3791715265973,3.40710977820875
"19",0.918978620383055,0.62982,2.50672876029986,1.87727263977554,2.81781485742375,4.32832407755646
"20",1.12771862038305,0.43661,3.0886021823323,1.54745245290065,2.0506555900781,2.76131425374497
"21",0.799048620383054,0.800261,2.22342460109143,2.22612187048444,3.72964184283514,6.43457295526499
"22",-0.219536609616945,0.889495,0.802890763631676,2.43390022127318,4.31928153423565,7.91907813709262
"23",1.11452862038305,0.1188,3.04813101365441,1.12614466683059,1.21580767725334,1.3183357259583
"24",1.41635862038305,0.726925,4.12208300932057,2.06870953534943,3.30582221925096,5.42533922994581
"25",1.03674862038305,0.388955,2.82003309411534,1.47543815512217,1.89605240358198,2.47154790698889
"26",0.401884620383055,0.831569,1.4946388718665,2.29691978164588,3.92673890290004,6.92071283573215
"27",0.786038620383054,0.46191,2.1946852021894,1.58710245757646,2.13779374901234,2.92871378815822
"28",1.12849862038305,0.818684,3.09101223183164,2.26751382497342,3.84439155294039,6.71634281821133
"29",0.848898620383054,0.637088,2.33707143109078,1.8909663600213,2.85170342149684,4.40212911815585
"30",0.955468620383054,0.538817,2.59988865830871,1.7139780263599,2.42607590148731,3.50249573822377
"31",1.00242862038305,0.346875,2.72489152608895,1.41463988433255,1.76925508461071,2.24106661244962
"32",0.386702620383054,0.634369,1.47211864809388,1.88583180607779,2.83897806308844,4.37437203437487
"33",0.993438620383055,0.588904,2.70050453504054,1.80201232718873,2.63441430021063,3.93533325566465
"34",0.835848620383054,0.12743,2.30677079061582,1.13590535208348,1.23318924734762,1.34507060969324
"35",0.690038620383055,0.624654,1.99379253278754,1.86759965614752,2.79397244194991,4.27661797688715
"36",0.867788620383054,0.648473,2.38163831945116,1.91261803029275,2.90560946240766,4.5202793043051
"37",1.15490862038305,0.15005,3.17373338973505,1.16189233589274,1.27993626884109,1.41774630051072
"38",0.796688620383055,0.39489,2.21818350595768,1.48422091764011,1.91465270050528,2.50590892235341
"39",0.966918620383054,0.489373,2.62982846172301,1.63129307847384,2.23657785412437,3.12193136692417
"40",0.127652620383055,0.537598,1.13615825591781,1.71188996008073,2.42121630709468,3.49257736755383
"41",0.898828620383054,0.898983,2.45672366899594,2.45710296633204,4.38721859181659,8.09581442807396
"42",0.895068620383054,0.482431,2.44750373234373,1.62000785824331,2.21118457806727,3.07191864203265
"43",0.781207620383054,0.296306,2.18410824718334,1.34488162765187,1.6280451470312,1.99234200397001
"44",0.876098620383055,0.319326,2.40151219547311,1.37619989295058,1.69087226560824,2.1019455353027
"45",-0.390399379616945,1.09754,0.676786525772456,2.99678485808386,6.08175101087012,12.8489210864827
"46",-0.300195679616945,0.92086,0.740673271838298,2.51144930787329,4.54796513983295,8.5185036994643
"47",1.36437862038305,0.68662,3.91329065730112,1.98698815042238,3.09376686099135,4.93976113738103
"48",0.828448620383055,0.389031,2.28976369064415,1.47555029268313,1.89628944177675,2.471984921317
"49",1.12025862038305,0.536758,3.06564693956552,1.71045257629996,2.41787327812325,3.48575907370287
"50",1.10095862038305,0.334292,3.007047259516,1.39695099371565,1.73301282065559,2.1764159919831
"51",0.988788620383054,0.412215,2.68797633958128,1.5101590856311,1.96999959631533,2.60896995164993
"52",1.04205862038305,0.872444,2.835047297276,2.39275159813291,4.19982424385296,7.61110408368205
"53",0.763424620383054,0.115492,2.14561155803027,1.12242553510808,1.20921021918672,1.30822933295114
"54",1.22278862038305,1.28505,3.3966464966967,3.61484869513372,8.27897487457558,19.8752121666737
"55",0.869728620383055,0.374281,2.3862631824575,1.45394565178788,1.85083605818897,2.38860092771257
"56",0.602188620383055,0.0923406,1.82611109395131,1.09673830754018,1.16402842699131,1.23963422777
"57",1.06072862038305,0.058473,2.88847482435929,1.06021635946644,1.100956696747,1.14571459095058
"58",0.622523620383055,0.222909,1.86362519496617,1.2497068452385,1.4428966810583,1.67961378693002
"59",0.805118620383054,0.428579,2.23696183235212,1.53507463191914,2.02374493370106,2.71020382843684
"60",0.755607620383055,0.4832,2.12890469632345,1.62125412341384,2.2139832583632,3.07741910485207
"61",0.744642620383055,1.15939,2.1056887702491,3.18798801018418,6.73304064716372,14.8373026885042
"62",0.757338620383055,0.279339,2.13259302167742,1.32225551251941,1.5832374462778,1.91523377095254
"63",0.893798620383055,0.804313,2.44439737555774,2.23516041603015,3.75458273017916,6.49551434311756
"64",-0.322744379616945,0.716644,0.724158940496776,2.0475500891271,3.25038835364794,5.29711983687889
"65",1.23442862038305,0.438868,3.43641446246791,1.55095054840285,2.05828604924004,2.77585730655216
"66",0.832278620383055,0.319395,2.29855030119771,1.37629485401931,1.69106418187793,2.10228296248394
"67",0.843948620383054,0.283709,2.32553151236877,1.328046413011,1.59465877255766,1.93480361233217
"68",1.08343862038305,0.528136,2.95482261527065,1.69576844842905,2.38382517796485,3.41653903566834
"69",1.09782862038305,0.234755,2.99764991610821,1.26459890404453,1.47128712540629,1.72654412528124
"70",-0.0466013796169455,0.57558,0.954467792085729,1.7781615615908,2.57730647230622,3.81522373572467
"71",1.28400862038305,0.494215,3.61108622480424,1.63921095326516,2.25446193616582,3.15729615625391
"72",0.967938620383054,0.159376,2.63251225525599,1.17277882862928,1.29972173512152,1.44884113373429
"73",0.957718620383055,0.539338,2.60574499369657,1.71487124157399,2.42815586379893,3.50674343211517
"74",0.760715620383055,0.802639,2.13980696219446,2.23142188751512,3.74425876302425,6.47026801080452
"75",1.02000862038305,0.398331,2.77321867006849,1.4893369188498,1.9255202482878,2.52604913392175
"76",0.804618620383055,0.112508,2.23584363100958,1.11908120952665,1.20328966297431,1.29917928596368
"77",0.621436620383054,0.833261,1.8616005349813,2.30080945965605,3.93768260144731,6.94800769486067
"78",1.01445862038305,0.747793,2.75786993857775,2.11233294957886,3.42126384543732,5.69521674940905
"79",0.830318620383055,0.439473,2.29404955477969,1.55188915738522,2.06033534419537,2.77976691106955
"80",0.845268620383055,0.605435,2.32860324085989,1.83204897688111,2.70702962828039,4.08962150873069
"81",1.07846862038305,0.355008,2.94017357987939,1.42619206377235,1.79308248307758,2.28387167540623
"82",0.353199620383055,0.590242,1.42361529770222,1.80442503342303,2.64021854117209,3.94760166807412
"83",0.999428620383054,0.514652,2.71672910126973,1.67305617692931,2.33153583904798,3.3110308835156
"84",0.909838620383054,0.0216642,2.48392164671435,1.02190057263611,1.03627695370799,1.05169007522644
"85",0.703280620383054,0.565857,2.02036991398553,1.76095627576855,2.53641569007217,3.72989554395179
"86",1.44333862038305,0.885296,4.23481066703407,2.423701701022,4.28955216275938,7.84209852457965
"87",0.918598620383055,0.757291,2.50577638433384,2.13249146919883,3.4751333348015,5.82245682692754
"88",0.523718620383055,0.640878,1.68829411608561,1.89814672071435,2.86953645483913,4.44111367555389
"89",1.01938862038305,0.413487,2.77149980739553,1.51208123021282,1.97412565035427,2.61670162626635
"90",0.669670620383054,1.07659,1.95359374069272,2.93465529486679,5.87574562129157,12.2377184395746
"91",0.982128620383055,0.555996,2.67013389843963,1.7436768222985,2.49560712723419,3.64530527101529
"92",0.862438620383055,0.253401,2.36893057796118,1.28839982158894,1.51711052287151,1.80308462292159
"93",-0.425224379616945,0.698894,0.653623108972075,2.01152672816948,3.15686147760049,5.08284208693571
"94",0.954558620383055,0.235386,2.59752383578709,1.26539711776292,1.4728149709362,1.72908042453808
"95",0.709211620383055,0.372521,2.03238833333723,1.45138895799124,1.84548574260362,2.37884110015595
"96",1.28578862038305,0.590057,3.61751968236298,1.80409124566817,2.63941525038512,3.9459030870848
"97",0.750647620383055,0.216738,2.11837147301799,1.24201865061901,1.42832479480586,1.6556736835074
"98",1.18336862038305,0.367615,3.26535543958827,1.44428588185599,1.83065324213361,2.35184558140268
"99",0.395119620383054,0.504844,1.48456176414691,1.65672705088081,2.29422359729821,3.23633904353259
"100",0.861868620383055,0.516613,2.36758067229141,1.6763402590824,2.33906848500049,3.32617020735324
"101",0.828058620383054,0.391468,2.2888708569187,1.47915059393163,1.90390598901997,2.48603917088432
"102",0.892718620383055,0.205971,2.44175885145162,1.22871757066908,1.40325164398783,1.61471778934256
"103",0.348736620383055,0.510276,1.41727585960728,1.66575087874914,2.31481397826002,3.27749525129382
"104",0.807948620383055,0.573567,2.24330140059567,1.7745857226567,2.56878689005093,3.79739904701527
"105",0.874118620383054,0.104775,2.3967619056649,1.11046072858113,1.18808116434664,1.27601647783451
"106",0.712579620383055,0.754652,2.03924495731723,2.12687124336136,3.46008127710386,5.78682091392285
"107",1.03391862038305,0.419648,2.81206368249528,1.52142591942856,1.99423303904334,2.65447589619799
"108",1.24979862038305,0.492899,3.48964014430256,1.63705517046687,2.24958714410486,3.14764495776938
"109",1.01554862038305,0.652984,2.76087765571885,1.92126533956971,2.92724907790054,4.56796559317234
"110",0.416291620383055,1.18315,1.5163279965519,3.2646416443592,7.00138907551164,15.6805091731338
"111",0.215041620383055,0.772575,1.23991350156704,2.16533481833835,3.56360542016019,6.03320397512682
"112",0.895698620383055,0.513592,2.44904614550424,1.6712836769727,2.32747424357173,3.3028761758757
"113",1.11382862038305,0.561069,3.04599806856273,1.75254496985558,2.51651845201641,3.68858042492341
"114",0.434277620383055,0.211275,1.54384741213739,1.23525200265844,1.41554759622949,1.63476513724815
"115",0.705554620383054,0.663934,2.02496946287497,1.94241879886535,2.98044985732003,4.68582244762715
"116",0.940768620383055,0.409429,2.56194982861087,1.505957637753,1.96099260393558,2.59211536012486
"117",1.02337862038305,0.359389,2.78258018227488,1.43245391777955,1.806050289026,2.30726729737992
"118",1.01355862038305,0.419849,2.75538897223535,1.52173175677398,1.99489247255773,2.65571740854435
"119",0.435661620383055,0.587282,1.54598557622404,1.79909183235563,2.62739517528365,3.92051190059236
"120",0.487635620383055,0.393062,1.62846136372407,1.48151024011675,1.90890438358787,2.49527501121802
"121",0.830308620383055,0.15582,2.29402661439884,1.16861583330716,1.29214172310662,1.43690504421759
"122",0.976698620383055,0.611418,2.6556743645338,1.84304298167979,2.73380145478385,4.14694104329167
"123",0.944528620383055,0.0506281,2.5716008925965,1.05193160716336,1.08684153322577,1.12499497929971
"124",0.878508620383055,0.554774,2.4073068195816,1.74154735059385,2.49059596705803,3.63495712356549
"125",0.892988620383055,0.345954,2.44241821535163,1.41333760079271,1.76657685120732,2.23627011868164
"126",1.08373862038305,0.266553,2.95570919503555,1.30545677671102,1.55028792047319,1.85910465745136
"127",0.879058620383055,0.00596613,2.40863120250429,1.00598396280022,1.00986171998024,1.01397605839683
"128",1.11761862038305,0.279402,3.05756430541654,1.32233881724076,1.58340151899166,1.91551448802369
"129",0.945988620383055,0.611339,2.57535817204627,1.8428973870353,2.73344623830755,4.14617898234926
"130",1.07832862038305,0.364131,2.93976198439056,1.43926274522862,1.82019237496946,2.33286092161125
"131",1.06708862038305,0.25703,2.90690406711292,1.29308391869503,1.52619350124353,1.81837127043165
"132",1.05930862038305,0.609206,2.88437610089108,1.8389706762346,2.72387282042596,4.12565618774717
"133",1.22383862038305,0.433821,3.40021484857513,1.54314262086396,2.04126975938579,2.74345633355974
"134",0.142356620383055,0.727296,1.15298775416287,2.06947716897428,3.30784018216049,5.43002372617925
"135",1.05125862038305,0.364255,2.86125008039659,1.43944122487453,1.82056366263612,2.33353397239273
"136",1.11896862038305,0.375962,3.06169480468854,1.45639178983154,1.85596069948974,2.39796005640261
"137",0.797018620383054,0.456427,2.21891562730802,1.57842418801899,2.11860023984316,2.89159421380094
"138",0.636991620383055,0.528591,1.89078411819021,1.69654019863294,2.38560992052766,3.42015731682122
"139",0.509500620383055,0.478778,1.66445979007745,1.61410076541109,2.19793817953266,3.0459236315374
"140",1.11213862038305,0.0415218,3.04085467921503,1.04239588583409,1.0706835575421,1.10141327559576
"141",0.583659620383055,0.636371,1.79258662804608,1.88961102308752,2.84834221882924,4.39479252492028
"142",0.786788620383055,1.11786,2.1963318335006,3.05830242819768,6.28845916839206,13.4708923369499
"143",0.245255620383055,0.913699,1.27794794099895,2.49352905940825,4.4947098398923,8.37776963864957
"144",0.484781620383055,0.592423,1.6238203608533,1.80836477915194,2.64970713882332,3.96768176789368
"145",1.00247862038305,0.0200494,2.72502777407142,1.0202517392178,1.03352814069527,1.04774672184972
"146",0.625163620383055,0.848857,1.86855166556078,2.33697416330676,4.04000332589132,7.20472223720857
"147",1.08154862038305,0.397232,2.94924327466549,1.4877010366579,1.92204264079851,2.51959914317326
"148",0.567898620383054,0.288637,1.76455515251482,1.33460717818226,1.60763734936978,1.9571123015683
"149",1.23842862038305,0.452201,3.45018764832525,1.57176784216556,2.10392459417142,2.8633058101352
"150",1.01571862038305,0.412109,2.76134704481727,1.5099990172518,1.96965614799308,2.60832667756634
"151",1.04619862038305,0.288504,2.84680872243797,1.33442968723097,1.6072856921958,1.95650685633921
"152",0.487825620383055,0.640848,1.62877080077877,1.89808977716688,2.86939485930935,4.44080373910859
"153",1.11308862038305,0.56707,3.04374486378058,1.76309361176327,2.54148141746003,3.74043565124335
"154",1.27473862038305,0.680066,3.57776613273439,1.97400801245998,3.06059403640094,4.86501643238982
"155",0.848008620383055,0.389574,2.33499236283971,1.4763517340637,1.89798387974379,2.47510952280902
"156",0.670086620383055,0.545054,1.95440660475285,1.72470151374361,2.45109300309285,3.55368542949776
"157",0.768065620383054,0.210709,2.15559248409519,1.23455304784781,1.41423035286661,1.63261403741008
"158",0.721086620383054,0.395955,2.05666681296533,1.48580245493652,1.91800966942636,2.51212516065401
"159",0.760314620383055,0.414635,2.13894907162118,1.51381809623544,1.97785689768873,2.62369925349308
"160",1.07639862038305,0.215505,2.93409371539974,1.24048818534854,1.42543093834419,1.65093137539425
"161",1.18532862038305,0.301387,3.27176181244437,1.35173236075088,1.64170855286506,2.01603156376001
"162",1.28829862038305,0.338981,3.62661106167369,1.40351667814251,1.74643073876876,2.20028682901343
"163",0.723675620383055,0.192207,2.06199842213405,1.21192135872314,1.37183928204496,1.56383376142637
"164",1.03631862038305,0.146744,2.81882074055956,1.15805746236902,1.27299501119673,1.40688436946612
"165",1.00382862038305,0.332523,2.72870904586579,1.39448197190144,1.72797752269012,2.16747777120312
"166",0.0314856203830545,0.540256,1.03198653591787,1.71644621617649,2.43182508950153,3.51424039137915
"167",-0.465186379616945,1.32428,0.628018044518546,3.75947755646876,8.83081015861268,21.774421661421
"168",0.911138620383054,0.327175,2.48715284467869,1.38704418867544,1.71284372338267,2.14067856600235
"169",1.00213862038305,0.54691,2.724101422117,1.72790553216246,2.45858725185996,3.56906235555607
"170",0.944728620383054,0.513132,2.57211526421046,1.670515063276,2.32571386658754,3.29934359243077
"171",0.0875236203830545,1.1404,1.09146804503179,3.12801932270706,6.52597962588806,14.1960976797743
"172",0.909198620383054,0.0495173,2.4823324454591,1.05076377027081,1.0848575743565,1.12209162455854
"173",0.909798620383055,0.854762,2.48382229183559,2.35081482006267,4.07943450004763,7.30437702919665
"174",1.04772862038305,0.586455,2.85116767353056,1.79760459846625,2.62382357528747,3.91297651910575
"175",0.221437620383055,1.20974,1.24786940417742,3.35261285987732,7.31440160039231,16.6810955819076
"176",0.554390620383055,0.761603,1.74087980480759,2.14170662601373,3.49986871169357,5.88115705088101
"177",0.728055620383054,0.582639,2.0710497832334,1.7907580109158,2.60740603902396,3.8783934126614
"178",-0.0935343796169455,0.730783,0.910706707140243,2.07670603206053,3.32686715896273,5.47425108618696
"179",0.797588620383054,0.424729,2.22018076974693,1.5291759568219,2.01096968506905,2.68603843181125
"180",0.902608620383055,0.704523,2.46602765792556,2.02288154025894,3.18622621509112,5.14983967571981
"181",1.05803862038305,0.40596,2.88071526836365,1.50074252155655,1.94983504832912,2.57128090908069
"182",0.811008620383054,0.704274,2.25017641629093,2.02237790546055,3.18492150423283,5.14685744022226
"183",1.07940862038305,0.17169,2.94293864242027,1.18730971014763,1.32631566196217,1.49094577437688
"184",-0.0750563796169455,0.742712,0.927691181980633,2.10162740632637,3.39278978023048,5.628294593959
"185",0.549903620383055,0.301533,1.73308597565533,1.35192972808302,1.6421028542677,2.0167164187062
"186",0.529080620383054,0.36013,1.69737106268225,1.43351575949639,1.80825291115244,2.31124804967361
"187",1.07179862038305,0.218865,2.92062787947628,1.24466323580819,1.43333068888067,1.66388649419952
"188",1.07257862038305,0.60651,2.92290685790831,1.83401948849149,2.71182048023164,4.09986173136596
"189",1.06766862038305,0.293855,2.90859056050765,1.34158935910576,1.62149483679969,1.98101423712149
"190",0.787198620383055,0.396705,2.19723251417926,1.48691722476415,1.92037726337662,2.51651204434282
"191",1.25395862038305,0.50436,3.5041872843753,1.65592538900601,2.29239787172261,3.23269713060806
"192",1.19247862038305,0.547772,3.2952387394007,1.7293956288706,2.46207566625238,3.57622661954425
"193",-0.261119379616945,0.604211,0.770188969262563,1.82980792073956,2.70158504588775,4.07799308033243
"194",0.796028620383054,0.502834,2.21671998785784,1.65340037393888,2.28665106155723,3.22124137965989
"195",0.987908620383054,0.385392,2.68561196088165,1.47019052318331,1.88497287146015,2.45114646468092
"196",1.29731862038305,0.504719,3.65947106929271,1.65651997294209,2.29375193803739,3.23539807404642
"197",0.960218620383054,0.307424,2.61226750592396,1.35991745084816,1.6580918966973,2.04454479141008
"198",0.994658620383055,0.496556,2.7038011611063,1.64305284128213,2.26315970765693,3.17453763491692
"199",1.34202862038305,0.413254,3.82679875843772,1.51172895632768,1.97336920989427,2.61528365612286
"200",0.791268620383055,0.461099,2.2061934736948,1.5858158392776,2.13494388408387,2.92319348633059
"201",0.828048620383055,0.387668,2.28884796832457,1.4735404876275,1.89204284524767,2.46415913509391
"202",0.456228620383055,0.695771,1.57811109189016,2.00525452933368,3.1406866453523,5.04604812115819
"203",1.11723862038305,0.313542,3.05640265170867,1.36826292859801,1.67486186949203,2.07385203640195
"204",0.984488620383055,0.504138,2.67644285608177,1.65555781437194,2.29156093825046,3.23102803770845
"205",0.472592620383054,0.583875,1.60414775275044,1.79297275624795,2.61271238958765,3.88956126123891
"206",1.31340862038305,0.470798,3.71882820639981,1.60127149816044,2.16927670833927,2.98989995328409
"207",0.222960620383055,0.635765,1.24977135724961,1.88846626570405,2.84550445912326,4.3886012574216
"208",1.00951862038305,0.603225,2.74427965671502,1.82800461930342,2.69720709698855,4.06864978525073
"209",-0.0430743796169455,0.904082,0.957840143634444,2.46966373081163,4.42416940944716,8.19241919832609
"210",0.786848620383054,0.130733,2.19646361736409,1.13966345054435,1.23990733776056,1.35544584433003
"211",0.838958620383055,0.358956,2.31395601500722,1.43183379949845,1.80476443892198,2.30494433728609
"212",0.250720620383055,0.940275,1.28495104504864,2.56068551002748,4.69554761645829,8.91207186736025
"213",0.707376620383054,0.295549,2.02866232040795,1.34386393750406,1.62601924132999,1.9888364869601
"214",1.00580862038305,0.354682,2.73411724212404,1.42572720093632,1.79212125003632,2.28214026794432
"215",0.421855620383054,0.666199,1.52478836043064,1.94682336373145,2.99157451193406,4.71057804341701
"216",1.07004862038305,0.301509,2.91552125029098,1.35189728215889,1.64203803109515,2.01660382383457
"217",0.907068620383054,0.0466798,2.47705070440139,1.04778645413756,1.07980604639301,1.11470907712512
"218",0.839268620383055,0.311904,2.31467345256894,1.36602354847399,1.67035541253187,2.06596454073516
"219",1.07975862038305,0.474665,2.94396885122114,1.60747560294925,2.18311869134103,3.01691840167623
"220",1.01432862038305,0.16369,2.75751143878873,1.17784912526239,1.30897722787579,1.46345471467172
"221",0.170262620383055,0.265042,1.18561617741296,1.30348572102899,1.54643965961051,1.85258116914615
"222",1.19885862038305,0.361296,3.31632957076939,1.4351882137233,1.81172428600713,2.31752587049327
"223",0.770858620383055,0.316061,2.16162146946207,1.37171392762361,1.68181586579132,2.08604063325315
"224",0.924638620383055,0.538331,2.52095707322438,1.71314523542367,2.42413727414232,3.49853803651613
"225",0.714793620383054,0.2887,2.04376484732467,1.33469126108307,1.6078039506736,1.95739915680317
"226",0.822498620383054,0.593436,2.27618004809595,1.81019758083054,2.65412585846029,3.97704299460005
"227",0.869568620383055,0.357612,2.38588141089085,1.42991070747924,1.80077908316495,2.29774892620518
"228",0.173315620383055,1.34887,1.18924139468093,3.85306910169323,9.19531129031416,23.0563416371237
"229",0.978078620383054,0.331772,2.65934172505361,1.39343510908673,1.7258442956914,2.16369430440269
"230",1.05996862038305,0.644899,2.88628041747301,1.90579453430313,2.88857834564056,4.48285185027132
"231",0.738437620383054,0.270339,2.09266342435716,1.31040860396176,1.55997233114156,1.8755511406694
"232",0.680368620383055,0.518711,1.97460547791891,1.67986091282035,2.34715432694393,3.34244385348293
"233",1.37657862038305,0.490907,3.96132521835543,1.63379740238157,2.24222832523793,3.13309224888283
"234",0.951668620383054,0.570311,2.59002782884897,1.76881706800988,2.5550661579433,3.76874397339197
"235",0.832138620383055,0.413716,2.29822852668028,1.51242753646509,1.97486938724927,2.61809600269175
"236",0.836698620383054,0.709693,2.30873237934495,2.03336691917136,3.21343707785299,5.21215189297052
"237",0.352440620383054,0.49838,1.4225351836464,1.64605250452585,2.26995986472717,3.18803663841691
"238",0.903438620383054,0.550544,2.46807531053993,1.73419616402161,2.47332721600894,3.59936292299104
"239",1.27203862038305,0.431875,3.56811919340462,1.5401425853051,2.03474633524489,2.7310645769239
"240",1.12576862038305,0.507358,3.08258527646658,1.66089730249661,2.30373022575678,3.25532202987938
"241",0.615341620383055,0.407084,1.85028858789829,1.5024303045071,1.95344326798187,2.5780131309193
"242",0.966108620383054,0.716206,2.62769916315136,2.04665345856449,3.24804746806414,5.29172513654429
"243",0.945758620383055,0.467458,2.5747659077797,1.59593217299322,2.15739178849448,2.96675844617207
"244",0.769252620383055,0.451779,2.15815269155634,1.57110469606983,2.10246470744852,2.86049622831839
"245",-0.0103193796169455,0.85143,0.989733682501328,2.34299494023685,4.05713769436469,7.24797681842465
"246",1.10031862038305,0.224523,3.00512336498183,1.25172550070346,1.44673236337462,1.68593212999221
"247",0.963678620383055,0.215206,2.62132160605501,1.24011733482603,1.42473006775691,1.64978342311781
"248",0.0369536203830545,0.873939,1.0376448941494,2.39633143703494,4.21016455607603,7.63762075130866
"249",0.370108620383054,0.719299,1.44789187669251,2.05299355762057,3.26461412032255,5.32993849893431
"250",-0.534583379616945,1.09313,0.585913342743911,2.98359813495559,6.03779479568585,12.7177753856343
"251",1.13324862038305,0.552026,3.1057294656918,1.73676814810615,2.47936373370854,3.61179367386258
"252",0.907418620383055,0.640225,2.47791782388499,1.89690763551107,2.86645597075111,4.43437227858733
"253",0.557114620383054,0.709976,1.74562842608176,2.03394244344233,3.21493326037564,5.21558447658685
"254",0.867508620383054,0.590217,2.38097155407322,1.80437992336108,2.64010997407823,3.94737208738154
"255",-0.279974079616945,0.768912,0.755803331913705,2.1574177059425,3.54219889825594,5.98201098485679
"256",1.11376862038305,0.376845,3.0458153141613,1.45767835171544,1.85865826599262,2.40289092511172
"257",0.968018620383055,0.557095,2.63272286466067,1.74559417651937,2.50012250158217,3.65463698766441
"258",1.11662862038305,0.331664,3.05453881461923,1.39328462622117,1.72553773670649,2.16315075407818
"259",0.946038620383054,0.135705,2.57548694317412,1.14534396728283,1.25008914084233,1.37121476706069
"260",1.12277862038305,0.331547,3.07338211207714,1.39312162145586,1.72520569258857,2.16256206198223
"261",0.973648620383055,0.258117,2.64758689737886,1.29449026512546,1.52892470881892,1.8229752775664
"262",0.961828620383055,0.438793,2.61647664405548,1.55083423147366,2.05803214645609,2.77537302807012
"263",1.14469862038305,0.428246,3.14149443176589,1.53456353716871,2.0226367587459,2.70810511743753
"264",0.833188620383055,0.670244,2.3006429339753,1.95471421272064,3.01154511514007,4.75511416174644
"265",0.930728620383054,0.134405,2.53635654559896,1.14385598752177,1.24741891898591,1.36707413205325
"266",0.709296620383055,0.78783,2.03256109368778,2.19862024004721,3.65415557223515,6.25115749377815
"267",0.0350206203830545,0.758856,1.03564106389489,2.13583143118669,3.48409053271984,5.84369348097418
"268",0.718237620383054,0.381687,2.0508157080718,1.46475354551551,1.87352043448577,2.43011052777475
"269",1.15948862038305,0.447192,3.18830242628658,1.56391454205426,2.08666142225348,2.83013427772268
"270",0.938168620383055,0.136209,2.55529741094697,1.14592136613463,1.25112590220707,1.37282343090829
"271",1.08141862038305,0.623912,2.94885989795981,1.86621441119209,2.79056453064618,4.2692422598711
"272",0.918208620383055,0.551166,2.50479932208348,1.73527516957157,2.47585896939768,3.60457492925441
"273",0.898748620383055,0.62214,2.45652713896373,1.8629104074673,2.78244276819205,4.2516794362695
"274",-0.394753379616945,1.11386,0.673846202967041,3.04609365231502,6.24722060048731,13.3461218294866
"275",0.751647620383055,0.67594,2.12049090402989,1.96588003494897,3.03989313123617,4.81854291216179
"276",0.945178620383055,0.271439,2.5732729765451,1.3118508465141,1.5627974048904,1.88035678968284
"277",0.870348620383055,0.475352,2.38774312436521,1.60858031811468,2.18558704136315,3.02174389868084
"278",1.09188862038305,0.155827,2.97989665499193,1.16862401364663,1.29215660088027,1.43692844359508
"279",0.944378620383054,0.100729,2.57121518139167,1.10597688141287,1.1802006436202,1.26406244223169
"280",0.934328620383055,0.305326,2.545503884494,1.35706733485338,1.65237984408513,2.03459033895247
"281",0.879748620383054,0.190345,2.41029373154057,1.20966686074219,1.36764415345865,1.55707441584119
"282",1.01470862038305,0.893808,2.75855949225301,2.44442030317631,4.35003256203664,7.99893446233384
"283",0.857728620383055,0.400973,2.35779915003015,1.49327694947802,1.93390619617427,2.54162257490816
"284",0.856068620383055,0.482869,2.35388845021997,1.6207175771023,2.21277819089246,3.07505033918215
"285",1.04096862038305,0.73051,2.83195877927007,2.07613916869415,3.32537358113269,5.4707755315752
"286",0.381339620383054,0.726627,1.46424480835752,2.06809315175361,3.30420221340672,5.42157940788556
"287",0.844768620383054,0.106035,2.32743923026636,1.11186079095321,1.19054603441664,1.27976222227025
"288",-0.223477949616945,1.0643,0.799732526081716,2.89880910731054,5.75815847946788,11.8927865296607
"289",-0.158020979616946,0.405431,0.853831868715034,1.49994883871027,1.94813918101669,2.56811853928545
"290",0.674525620383055,0.334186,1.96310149971318,1.39680292475811,1.73271068843851,2.17587936947357
"291",1.24286862038305,0.369388,3.4655405396809,1.44684887214401,1.83599981521405,2.36156607130699
"292",0.751312620383054,0.358665,2.1197806585498,1.43141719648147,1.80390079079215,2.30338449354079
"293",0.881798620383055,0.529223,2.41523990178254,1.6976127509293,2.38809116480017,3.42518950785306
"294",0.996678620383054,0.508162,2.70926835946304,1.662233200887,2.30677883755953,3.2614164287676
"295",0.739768620383054,0.700919,2.09545061383811,2.0156041968377,3.16739397331048,5.10684310443767
"296",0.419899620383055,1.06627,1.52180878936811,2.90452538994164,5.77684725819943,11.947415127452
"297",0.959868620383054,0.125914,2.6113533722796,1.13418462421101,1.23011799980534,1.34033524594339
"298",0.879018620383055,0.85284,2.40853485918307,2.34630089325174,4.06655810494439,7.27179030778998
"299",-0.442844379616945,1.0597,0.642207139832909,2.88550520784489,5.71475478166164,11.7661979726024
"300",0.617907620383054,0.644544,1.85504252510781,1.90511809731812,2.88689213055655,4.47915119970986
"301",0.870168620383055,0.133053,2.38731336928194,1.14231053918512,1.24464793852649,1.36278113472675
"302",0.997708620383055,0.375124,2.71206034349823,1.45517184474005,1.85340422906716,2.39328983611509
"303",1.13519862038305,0.594083,3.11179154675802,1.81136915762957,2.65695193658682,3.98303353642085
"304",0.409146620383054,0.56152,1.50553244604767,1.75333554589848,2.5183859709515,3.69245245127474
"305",0.869738620383055,0.36143,2.38628704520864,1.43538054182963,1.81212365286704,2.31824842687406
"306",0.935888620383055,0.151832,2.5494779695342,1.1639646739401,1.28369343103963,1.42363584065949
"307",0.878918620383055,0.0676892,2.40829401773942,1.07003269063239,1.11777357358881,1.17054403336055
"308",1.10718862038305,0.556456,3.02583964143025,1.74447909814605,2.49749609965314,3.64920827314021
"309",1.05427862038305,0.316087,2.86990411665679,1.37174959264937,1.68188779219342,2.08616681133005
"310",0.976338620383054,0.393557,2.65471849382962,1.48224376921908,1.91045925129853,2.49815008075241
"311",0.865718620383054,0.863493,2.37671342715198,2.37142964732892,4.13844284586345,7.45425570447926
"312",1.06534862038305,0.428721,2.90185045195635,1.53529262799422,2.02421767342322,2.71109926885108
"313",1.10975862038305,0.232243,3.03362605055875,1.26142621815938,1.46522049676985,1.71648399439058
"314",0.958898620383055,0.339261,2.60882158762256,1.40390971783537,1.7472352584407,2.20172051302177
"315",0.863988620383054,0.461213,2.37260526750571,1.5859966325883,2.13534425202164,2.9239688307427
"316",0.990808620383055,0.258185,2.69341153949099,1.29457829345642,1.52909572868301,1.82326367985419
"317",1.26033862038305,0.47941,3.52661546908173,1.61512119951804,2.20022422867773,3.05040520012107
"318",0.737607620383054,0.592556,2.09092723433348,1.80860530766236,2.65028686682615,3.96890957549841
"319",0.957738620383054,0.431634,2.6057971091176,1.53977145566496,2.03393990186111,2.72953383515741
"320",1.22300862038305,0.534527,3.39739384113085,1.70664081020836,2.4090167450672,3.46771456465228
"321",0.407814620383054,1.08876,1.50352841181264,2.97058825839015,5.9945506700089,12.5891396701476
"322",0.637213620383055,0.379197,1.89120391886059,1.46111084622988,1.86586277633439,2.4160745461538
"323",1.02199862038305,0.403305,2.7787428699778,1.49676333486959,1.94133851629527,2.55544845637574
"324",1.20499862038305,0.409642,3.33675447462122,1.50627844089416,1.96167976555816,2.59340010291958
"325",0.982358620383055,0.517703,2.67074809986673,1.67816846615665,2.34326594022136,3.33461514342117
"326",0.863748620383054,0.0539929,2.37203591056708,1.05547710824101,1.0928734468899,1.13383565315126
"327",0.929238620383054,0.0741169,2.53258018843077,1.07693269156968,1.12965406849836,1.18817877395428
"328",0.602428620383055,0.332664,1.82654941321007,1.39467860772197,1.72837832925019,2.16818885314955
"329",0.972488620383055,0.35975,2.64451747718579,1.43297112699451,1.80712302598686,2.30920578104683
"330",0.198391620383055,0.853218,1.21943985782746,2.34718796263494,4.06908729262664,7.27818763801718
"331",0.862948620383055,0.296436,2.37013904068774,1.3450564736282,1.62839331072941,1.99294462956609
"332",1.25355862038305,0.489139,3.50278588975916,1.63091140055154,2.23571717046403,3.12023235798176
"333",0.475095620383055,1.12566,1.60816796377078,3.08225046305716,6.36965898563721,13.7175597801972
"334",1.21799862038305,0.408399,3.38041546433389,1.50440729994714,1.95767310450536,2.58591172855365
"335",1.04970862038305,0.472127,2.8568185780735,1.60340100272384,2.17402395681349,2.99915818030968
"336",0.630760620383054,0.243213,1.87903927141968,1.27534024266174,1.49189897023888,1.76085246251275
"337",0.942818620383054,0.0781086,2.56720721273707,1.0812400749664,1.13709551114464,1.19926368850263
"338",0.797848620383055,0.329993,2.22075809179568,1.39095839172096,1.72080152109704,2.15475820197018
"339",0.864078620383055,0.219704,2.37281881158913,1.24570794645787,1.4353100968838,1.66713724900895
"340",0.717996620383055,0.811973,2.05032152103808,2.25234748726136,3.80218816552369,6.61230073626807
"341",1.05898862038305,0.753004,2.8834532482031,2.12336904615543,3.45071467066878,5.76467775025274
"342",0.916108620383054,0.422233,2.49954476272548,1.52536389306834,2.00273046398103,2.6704869709352
"343",-1.14322437961695,1.14837,0.318789464614868,3.15304924846972,6.61209507875407,14.461762656803
"344",0.626422620383055,0.398609,1.87090565363227,1.48975101206953,1.92640093093906,2.52768332069029
"345",1.26107862038305,0.254631,3.52922613035438,1.28998552837925,1.52018300233518,1.80825137204211
"346",0.705892620383055,0.239274,2.02565401823676,1.27032655837967,1.48226408608115,1.74479062226254
"347",0.673779620383055,0.343445,1.96163757210728,1.40979598157153,1.75930132166668,2.22325546098089
"348",0.236797620383055,1.22157,1.26718463948123,3.39250979508818,7.45812353025226,17.1465463185934
"349",0.762965620383054,0.246521,2.14462694831035,1.27956605382259,1.50003877979359,1.77445548039771
"350",-0.922014379616945,1.67441,0.397717080448946,5.3356461889698,15.7078307438826,49.1688426673147
"351",0.834878620383054,0.399615,2.30453430781844,1.49125045568135,1.92959122918422,2.53360580053825
"352",0.788518620383055,0.321113,2.20013477616948,1.3786613608258,1.69584964836406,2.1107018972087
"353",0.921838620383054,0.0750712,2.51390826635419,1.07796089896837,1.13142866061748,1.1908195011318
"354",0.652545620383055,0.337875,1.92042328059033,1.40196524679616,1.74325650597323,2.19463289810597
"355",0.780260620383055,0.573303,2.18204087572815,1.77411729386124,2.56767165870194,3.79506756823743
"356",1.06386862038305,0.222361,2.89755888982679,1.24902219349902,1.44159666914469,1.67747391466833
"357",1.00135862038305,0.708675,2.72197745146398,2.03129800490368,3.20806080525067,5.19982296406595
"358",0.791928620383054,0.164097,2.20765004200211,1.17832860742437,1.30985382317173,1.46484100429305
"359",0.700759620383055,0.312749,2.01528297621158,1.36717832619733,1.67267865588137,2.07002973365447
"360",0.690136620383055,0.11478,1.99398793403026,1.12162665256302,1.20779489875856,1.30606422821469
"361",0.628958620383055,1.08053,1.8756562916328,2.94624064488091,5.91394835976642,12.3504026815673
"362",1.13641862038305,0.155517,3.11559024918237,1.16826179634898,1.29149789220766,1.43589255058307
"363",0.862478620383055,0.441314,2.36902533707947,1.55474881683281,2.06658385728491,2.79169764496256
"364",1.09722862038305,0.1417,2.99585186562763,1.15223092740321,1.26247711963154,1.39047232801787
"365",0.669731620383055,0.767736,1.95371291354564,2.15488207396414,3.53535367603355,5.96566785417722
"366",0.861638620383055,0.114262,2.36703619135449,1.12104580041069,1.20676625450615,1.30449130578303
"367",0.768296620383054,0.421656,2.15609048347573,1.52448401197215,2.00083061316363,2.66690477373591
"368",1.00372862038305,0.0634027,2.72843618860429,1.06545581190732,1.10992024462491,1.15892950248731
"369",-0.718473379616945,0.837766,0.487495909369216,2.31119798886423,3.96696946256582,7.0212070875093
"370",0.901978620383054,0.116839,2.46447454978151,1.12393846103072,1.21189233709215,1.31233521779492
"371",0.906258620383054,0.0481309,2.47504510570795,1.04930800075231,1.08238645661859,1.11847842987132
"372",0.960238620383054,0.162523,2.61231975179653,1.17647537707119,1.30646699827189,1.45948704585761
"373",0.844288620383054,0.182061,2.32632232751394,1.19968737257762,1.3491350672259,1.52735460149507
"374",1.01428862038305,0.403333,2.75740114053715,1.4968052448297,1.94142792844982,2.5556149179355
"375",0.883588620383055,0.788873,2.41956705285155,2.20091459725687,3.66042995754998,6.26634359868925
"376",1.04074862038305,0.499667,2.83133581686701,1.64817233791937,2.27477029305178,3.19759595428197
"377",0.442961620383055,0.364904,1.55731256413513,1.44037572544211,1.82250817026472,2.33705980242706
"378",0.997068620383055,0.14248,2.71032518018988,1.15313001812638,1.26409789938189,1.39299770196376
"379",0.723380620383055,0.729968,2.0613902223134,2.07501420615711,3.32241029621364,5.46388188407276
"380",1.26228862038305,0.258491,3.53349907858446,1.29497449502997,1.52986555483173,1.82456205488072
"381",0.809728620383054,0.417774,2.24729803303635,1.5185774371171,1.98809536845978,2.64292869574868
"382",1.08414862038305,0.517479,2.95692128426683,1.67779259851898,2.34240272945125,3.33287792172894
"383",1.08280862038305,0.779844,2.95296166328446,2.18113198236756,3.60646919663547,6.13609429520476
"384",1.04775862038305,0.427759,2.85125320984381,1.53381638667202,2.02101718704036,2.70503875739158
"385",0.502713620383055,0.441214,1.65320135021464,1.55459334972461,2.06624396244423,2.79104827451044
"386",0.270641620383055,0.751315,1.31080522032452,2.11978570282178,3.44114134513573,5.74207161057145
"387",0.813828620383054,1.01169,2.25653086935259,2.75024500379751,5.28082304788068,10.5227847324511
"388",1.05392862038305,0.627065,2.86889982597708,1.87210787138814,2.80507461570252,4.30067217235561
"389",0.781952620383054,0.588608,2.18573601409538,1.80147901047465,2.63313197753115,3.93262432202687
"390",1.02361862038305,0.541434,2.78324808166334,1.7184693812294,2.43654165318464,3.52388415660455
"391",1.07672862038305,0.439193,2.9350621261048,1.55145468924953,2.05938665665762,2.77795682330239
"392",0.855818620383054,0.31577,2.35330005166029,1.37131481694409,1.68101105320975,2.08462892999352
"393",0.798598620383055,0.632638,2.22242428510891,1.8825702549084,2.83090630314398,4.35679225971639
"394",0.985518620383055,0.113115,2.67920101243021,1.11976069802472,1.2044916587939,1.30101514404267
"395",0.825958620383054,0.264777,2.28406927154839,1.30314034307752,1.54576573477447,1.85143943782078
"396",0.976418620383054,0.207288,2.65493087980445,1.23033685777616,1.40629476397438,1.6196725482677
"397",0.888408620383055,0.307108,2.43125751743282,1.35948778482449,1.65723028800094,2.04304234583356
"398",0.968038620383054,0.215343,2.63277551964451,1.24028724253932,1.42505115965523,1.65030930882757
"399",-0.202287179616945,0.856668,0.816860308624378,2.35529974588627,4.09224396741794,7.33683668626504
"400",-0.698115379616945,1.10658,0.497522061015475,3.02399861404884,6.17285915288439,13.1219976319178
"401",0.604216620383054,0.566188,1.82981820498989,1.76153924877254,2.53779700883832,3.7327687484663
"402",0.848368620383054,0.396843,2.335833111416,1.48712243350025,1.92081321890541,2.51732006501507
"403",1.07856862038305,0.299157,2.94046761193873,1.34872135610437,1.63569775777674,2.0055999660903
"404",1.25076862038305,0.434609,3.49302673747468,1.54435909647765,2.04391725567847,2.74849014628906
"405",0.981818620383055,0.587721,2.66930628521779,1.79988180705679,2.62929307816249,3.924517834124
"406",0.738034620383055,0.769894,2.09182025090801,2.15953733069515,3.54792504510811,5.99569235251188
"407",0.754907620383054,0.957572,2.12741498449599,2.60536296637464,4.83105938154303,9.27799610427517
"408",0.367527620383055,1.06479,1.44415968622242,2.900229871832,5.76280130087431,11.9063509710595
"409",0.854188620383054,0.580459,2.34946729711964,1.78685841056076,2.59807319500003,3.85877417045082
"410",1.02929862038305,0.789549,2.79910191302472,2.20240291852053,3.66450233033742,6.27620587331186
"411",1.15148862038305,0.779208,3.16289776102873,2.17974522346285,3.60269834490916,6.12702230533569
"412",-0.854483379616946,0.921273,0.425502957810455,2.51248675065463,4.55105573383491,8.52669205467234
"413",0.860108620383055,0.314268,2.36341739506681,1.36925664816073,1.67686312346928,2.07735758380456
"414",1.07413862038305,0.282126,2.92747015104986,1.32594577862998,1.59051199583521,1.92769159117935
"415",0.845258620383055,0.500169,2.32857995494391,1.64899992814077,2.27664938415514,3.20133237331839
"416",0.965598620383054,0.564295,2.62635937825234,1.75820780917703,2.52990733964018,3.71636661125742
"417",1.02845862038305,0.438733,2.79675165466449,1.55074118421122,2.0578290467799,2.7749856661163
"418",0.870518620383055,0.441441,2.3881490752012,1.55494628247135,2.06701560432858,2.79252256322096
"419",1.05345862038305,0.60341,2.86755175987922,1.82834283144165,2.69802797639024,4.07040120464065
"420",0.808278620383055,0.480821,2.24404181221906,1.61740174407638,2.2053366340828,3.06043453610078
"421",0.993888620383055,0.207703,2.70172003554841,1.23084755353418,1.40725504854194,1.62123699087207
"422",1.03816862038305,0.352331,2.82404038561259,1.42237925334138,1.7852044084934,2.2696927565804
"423",0.893558620383055,0.317831,2.44381079058062,1.37414401126509,1.68671942385519,2.09464789734139
"424",1.06013862038305,0.209347,2.8867711268531,1.23287273115206,1.41106561213755,1.62744930951278
"425",1.04006862038305,0.682616,2.82941116296803,1.97904815634407,3.07345828074837,4.89396239154464
"426",0.952348620383054,0.415855,2.59178964672278,1.51566608135456,1.98182989051234,2.63115626788956
"427",1.10200862038305,0.0070285,3.01020631735362,1.00705325787571,1.01162793865684,1.01648514085715
"428",0.330660620383055,0.330322,1.39188733395113,1.39141609231946,1.72173299663053,2.15640801719428
"429",0.862928620383055,0.262997,2.37009163838095,1.30082281647742,1.54124659974569,1.84378866517618
"430",0.498601620383055,0.664885,1.64641734373884,1.94426691778433,2.98511569162144,4.69620063480857
"431",0.673718620383055,0.310897,1.96151791586494,1.36464865513566,1.6675909800324,2.06113040995871
"432",0.748170620383054,0.282636,2.11313076018171,1.32662218344565,1.59184679692958,1.92998003388776
"433",1.25687862038305,0.559074,3.5144344648482,1.74905212790903,2.50827407382417,3.67150115072898
"434",0.903878620383054,0.31884,2.4691615026213,1.37553122230273,1.68952112436449,2.0995704079489
"435",0.557130620383054,0.649657,1.74565635636002,1.91488391117739,2.91127367003764,4.53274710575832
"436",0.827068620383055,0.196321,2.28660599606145,1.21691747315371,1.3811538995772,1.57887243096337
"437",1.24204862038305,0.470526,3.46269996123469,1.6008360115418,2.16830639061167,2.98800864283348
"438",0.218783620383054,0.627399,1.2445619497122,1.87273325985124,2.80661609410324,4.30401509400756
"439",1.43576862038305,0.799612,4.20287418238862,2.22467758611147,3.72566253720915,6.42486536859555
"440",0.525772620383055,0.19813,1.69176543602519,1.21912086923352,1.38526969886961,1.58553090056636
"441",0.663674620383054,0.104663,1.94191504035652,1.11033636394408,1.18786231190957,1.2756840538224
"442",-0.0868323796169455,0.513954,0.916830762277531,1.67188879118283,2.32886052056241,3.30565882470544
"443",0.425949620383055,0.499566,1.53104363979814,1.64800588091946,2.27439241636015,3.19684473176389
"444",0.662001620383055,0.514572,1.93866893262026,1.67292233778879,2.33122905641843,3.31041473208014
"445",0.702029620383054,0.245072,2.01784401150456,1.27771330525111,1.49646785515655,1.76848407742356
"446",0.0573176203830545,0.500482,1.05899211446521,1.64951614590214,2.27782179424457,3.20366426238836
"447",0.797038620383055,0.436647,2.21896000606435,1.54750970970065,2.05078039592242,2.76155194374351
"448",0.938608620383055,0.171069,2.55642198919686,1.1865726197079,1.32496158307072,1.48879341671721
"449",0.891168620383054,0.447831,2.43797705687981,1.56491420280423,2.08885578467326,2.83434450358783
"450",0.690533620383055,0.461701,1.99477970439609,1.58677078782352,2.13705895654044,2.92729017398884
"451",0.937128620383054,0.665692,2.55264128306549,1.94583657445826,2.9890807558926,4.70502538791281
"452",0.878708620383055,0.572205,2.40778832909486,1.77217038212272,2.56303850225913,3.78538608354325
"453",-0.0124663796169455,1.1131,0.987611003795981,3.04377950062829,6.2394158995562,13.3225464077581
"454",0.193932620383055,1.19511,1.2140144803697,3.30392118184368,7.14048726275263,16.1229158988358
"455",0.836668620383054,0.291572,2.30866311841249,1.33853000418137,1.61541721652649,1.97052085721624
"456",1.07964862038305,0.41284,2.94364503245786,1.51110323007403,1.97202586328524,2.61276606800871
"457",0.880538620383055,0.323593,2.41219861591875,1.38208468416702,1.70278154980943,2.12291445519094
"458",0.332551620383055,0.803027,1.39452188308077,2.23228784719279,3.74664912366239,6.47611085991454
"459",1.01765862038305,0.774552,2.76670925774899,2.1696199197012,3.57521268420791,6.06101573173948
"460",0.393200620383054,0.469415,1.48171562186845,1.59905847033996,2.16434757563974,2.9802958892799
"461",1.01110862038305,0.645295,2.74864653211514,1.90654937838797,2.89046046881896,4.48698350754732
"462",-0.151395379616945,0.738874,0.859507799604485,2.09357681929965,3.37143873894388,5.57826590892157
"463",0.742378620383054,0.334536,2.10092688336321,1.39729189134594,1.73370849504009,2.17765173924754
"464",0.417843620383055,0.486806,1.51868316474033,1.6271109192393,2.22715417263272,3.10334357605539
"465",0.923528620383055,0.755976,2.51816036333424,2.12968908588769,3.46762480548181,5.80467228957792
"466",1.05573862038305,0.649747,2.87409723690005,1.91505625848491,2.91170467765432,4.53369623230816
"467",1.43915862038305,0.741011,4.21714610310467,2.09805557681044,3.38331037458913,5.60606677765858
"468",0.644876620383054,0.558446,1.90575188382872,1.7479540679996,2.5056844445082,3.66614120035557
"469",0.875558620383055,0.582585,2.40021572896501,1.79066131259408,2.60717445403991,3.87790622868015
"470",0.933168620383054,0.353198,2.54255281194098,1.42361299090198,1.78775208341939,2.27427521860543
"471",0.844878620383055,0.338827,2.32769526266321,1.40330055321612,1.74598841086163,2.19949870077993
"472",0.950838620383055,0.262976,2.58787899763934,1.3007954994851,1.54119336303889,1.84369859220571
"473",0.773510620383055,0.273054,2.16736169777753,1.31397119735366,1.56695439920805,1.88743467524111
"474",-0.193979979616945,0.532021,0.823674394380395,1.70236932274719,2.39910720796411,3.44755720004917
"475",1.06826862038305,0.232231,2.91033623849498,1.26141108113558,1.4651915761763,1.71643607739272
"476",0.743049620383055,0.465415,2.10233707836946,1.59267501188678,2.15015417912122,2.95269170232665
"477",1.21903862038305,0.529021,3.3839329251794,1.69726986778598,2.387297828401,3.42358031315027
"478",1.18356862038305,0.384091,3.26600857598765,1.46827904899622,1.88094342810263,2.44373909243586
"479",1.10162862038305,0.647363,3.00906265626239,1.91049620211162,2.90030927687468,4.50862188815556
"480",1.06052862038305,0.227619,2.88789718716006,1.25560684807908,1.45411859104292,1.69811867541794
"481",0.484179620383055,0.730345,1.62284311517653,2.07579663399121,3.32447119438118,5.46867599159296
"482",0.819048620383054,0.399148,2.26834075748193,1.4905542043059,1.92810958928885,2.53085477453785
"483",-0.760288379616946,1.14048,0.467531580989186,3.1282695742628,6.52683842489133,14.198739930571
"484",1.18917862038305,0.221868,3.28438237441506,1.24840657731948,1.44042813375255,1.67555114026154
"485",0.756426620383055,0.322022,2.13064898345782,1.37991513375625,1.69838713169869,2.11517001602391
"486",1.18528862038305,0.42298,3.27163094458925,1.52650376558584,2.00519274263433,2.67513172937536
"487",-0.0661153796169455,1.17953,0.936022860101947,3.25284500640364,6.95982408301534,15.5490121280959
"488",0.939178620383055,0.172809,2.55787956510037,1.18863905334209,1.32875911491854,1.49483203560527
"489",1.24335862038305,0.464177,3.46723907065145,1.59070450022046,2.1457802131908,2.94420012891733
"490",0.327284620383055,0.707542,1.38719624532482,2.02899784754932,3.2020877691307,5.18613556577285
"491",1.00666862038305,0.75433,2.73646959431873,2.12618650107042,3.45824915496121,5.78248772204102
"492",0.683209620383055,0.673108,1.98022330843133,1.96032053865245,3.02576555388811,4.78690164917293
"493",0.800158620383054,0.372758,2.22589397264631,1.45173297793904,1.8462053091273,2.38015302261213
"494",0.710789620383054,0.577826,2.03559797386759,1.7821598008,2.58684553133117,3.83521036259991
"495",1.00166862038305,0.12443,2.72282139527847,1.13250274249357,1.22711898927549,1.3357159843721
"496",0.830198620383054,0.638786,2.29377428534961,1.89417994846509,2.85967925215343,4.41955252849238
"497",0.776049620383054,0.710617,2.17287162101575,2.03524661849202,3.21832471661462,5.22336770040703
"498",1.13524862038305,0.532765,3.11194714022516,1.70363635680154,2.40204496323066,3.45352940863405
"499",1.16854862038305,0.348425,3.21731969601405,1.41683427636776,1.77377159638638,2.24916212508817
"500",0.979248620383055,0.673419,2.66245497576844,1.96093029315189,3.02731377864072,4.79036619783788
